국가,연도,AI_투자규모(십억_달러),1인당_GDP(달러),AI_스타트업_수(개),AI_연구논문_수(건)
USA,2015,192.57,75328.19,6405,88006
USA,2016,168.59,75183.82,5325,88827
USA,2017,231.99,73139.66,4317,43602
USA,2018,178.51,70644.32,4563,94627
USA,2019,70.61,71091.33,5495,129366
USA,2020,82.51,76638.64,6193,63150
USA,2021,85.92,78092.33,8880,84519
USA,2022,42.33,80000.0,7617,47512
USA,2023,162.84,76401.36,8837,64782
USA,2024,82.93,79316.53,7477,49025
USA,2025,135.36,71335.73,7066,117309
USA,2026,147.93,77564.42,4836,113591
China,2015,220.03,80000.0,7503,129026
China,2016,213.79,80000.0,7630,116478
China,2017,134.21,78034.88,8703,42456
China,2018,232.63,80000.0,4659,92878
China,2019,49.92,80000.0,8372,166836
China,2020,182.7,80000.0,8707,134279
China,2021,155.44,80000.0,9977,68420
China,2022,64.18,80000.0,9280,26766
China,2023,126.57,80000.0,10496,146614
China,2024,208.51,80000.0,8414,170318
China,2025,172.86,80000.0,8280,24843
China,2026,195.0,77541.12,9430,162186
Germany,2015,130.38,77622.9,8476,53980
Germany,2016,169.94,76425.84,4519,124019
Germany,2017,106.9,80000.0,8835,125610
Germany,2018,68.61,76584.03,4598,105566
Germany,2019,194.86,73913.46,4114,27075
Germany,2020,213.54,75254.56,7793,90298
Germany,2021,143.72,72684.65,4374,120245
Germany,2022,213.84,78129.41,4846,89231
Germany,2023,121.95,74370.95,5666,49628
Germany,2024,155.13,77248.2,8049,73413
Germany,2025,140.98,80000.0,7531,138742
Germany,2026,104.29,70089.7,7326,127066
UK,2015,171.35,69085.17,5347,42105
UK,2016,194.52,59833.74,7632,99927
UK,2017,43.77,63779.31,5355,113065
UK,2018,134.12,67048.41,5179,15365
UK,2019,131.41,80000.0,5707,109685
UK,2020,74.07,61689.78,4504,16183
UK,2021,70.08,72282.14,3847,36190
UK,2022,183.58,60944.19,4110,124409
UK,2023,81.45,69581.66,6209,94332
UK,2024,48.59,77054.71,6986,44097
UK,2025,91.79,71193.93,6307,26932
UK,2026,66.17,71889.38,5582,121736
Japan,2015,188.91,76433.8,7982,122405
Japan,2016,40.58,71036.24,4796,17237
Japan,2017,56.15,69792.09,4826,51870
Japan,2018,66.38,66988.48,6723,44635
Japan,2019,173.3,75118.26,5623,34507
Japan,2020,110.04,70528.7,4057,48291
Japan,2021,155.25,54937.33,7655,127402
Japan,2022,213.62,70489.76,6741,48298
Japan,2023,141.46,78386.28,3958,95320
Japan,2024,179.91,71686.18,4445,43215
Japan,2025,41.8,71768.42,4696,62455
Japan,2026,58.81,74641.02,4211,70500
South Korea,2015,76.98,67393.9,3994,31797
South Korea,2016,63.99,68419.54,4458,93726
South Korea,2017,126.49,74131.4,6620,24165
South Korea,2018,69.58,72269.61,6653,22983
South Korea,2019,191.67,63526.6,7741,48639
South Korea,2020,112.37,72125.58,7728,58971
South Korea,2021,109.86,67316.92,7524,91308
South Korea,2022,41.68,71565.11,8049,70627
South Korea,2023,69.98,74237.07,6918,135538
South Korea,2024,72.39,70407.52,6781,63313
South Korea,2025,173.76,71262.22,7199,116470
South Korea,2026,100.96,64698.47,5742,79013
Canada,2015,205.7,76403.9,4894,137392
Canada,2016,132.35,63443.52,4577,28645
Canada,2017,200.77,75363.84,7942,45727
Canada,2018,136.28,80000.0,6752,65968
Canada,2019,199.7,77885.96,4087,57094
Canada,2020,169.85,78159.35,6500,22503
Canada,2021,205.69,80000.0,8722,125250
Canada,2022,130.62,67651.07,6719,79905
Canada,2023,186.61,75846.24,6925,127875
Canada,2024,128.88,71145.47,5243,28485
Canada,2025,54.94,69560.7,5200,22786
Canada,2026,38.52,67784.17,7581,77852
France,2015,152.75,65105.26,4740,57138
France,2016,136.34,62153.73,7343,20856
France,2017,140.36,63355.2,6793,33464
France,2018,39.43,70162.05,5678,106747
France,2019,52.39,63357.05,4357,117096
France,2020,39.63,63938.36,7536,28491
France,2021,34.11,66385.58,5365,98270
France,2022,188.71,59202.4,4182,51394
France,2023,128.44,66305.24,3683,88398
France,2024,104.32,69073.62,5619,51542
France,2025,62.65,60060.88,5940,52283
France,2026,151.21,62851.63,3626,64290
Sweden,2015,128.67,69972.45,4085,23412
Sweden,2016,159.85,76089.71,5086,91142
Sweden,2017,52.72,78019.14,6590,80277
Sweden,2018,99.22,71300.53,4605,84951
Sweden,2019,217.92,74549.11,7806,85483
Sweden,2020,75.23,68758.75,4480,135425
Sweden,2021,39.79,77460.8,4592,86031
Sweden,2022,69.94,80000.0,5499,126261
Sweden,2023,50.46,67262.08,7338,130271
Sweden,2024,142.31,79997.74,7257,75206
Sweden,2025,94.46,73745.02,7550,52902
Sweden,2026,148.44,65428.33,7241,39941
Switzerland,2015,100.59,73198.68,6236,123990
Switzerland,2016,162.31,78212.61,6650,51208
Switzerland,2017,59.94,70803.85,4091,128012
Switzerland,2018,121.0,76240.17,6041,142726
Switzerland,2019,62.47,75420.14,5902,120809
Switzerland,2020,142.82,77342.5,4253,17207
Switzerland,2021,125.79,80000.0,8190,130791
Switzerland,2022,164.59,80000.0,4030,63287
Switzerland,2023,44.94,77703.41,4104,37987
Switzerland,2024,144.27,80000.0,5746,93144
Switzerland,2025,134.05,76994.72,7303,154809
Switzerland,2026,63.21,80000.0,8198,54203
India,2015,102.18,60030.67,7981,106029
India,2016,56.24,66594.68,6624,56890
India,2017,162.48,64592.88,6464,87754
India,2018,152.55,67804.89,7104,22281
India,2019,183.09,65878.99,3942,67864
India,2020,42.77,68453.86,6328,51910
India,2021,186.67,62978.7,5406,130192
India,2022,141.97,69882.17,7045,57051
India,2023,83.3,73446.56,6225,92359
India,2024,36.89,62878.54,4952,63541
India,2025,169.38,77360.49,6990,45613
India,2026,84.58,72214.3,5237,41090
Brazil,2015,133.97,68958.92,7208,114300
Brazil,2016,125.6,73791.16,8059,75814
Brazil,2017,198.2,61734.7,4391,101980
Brazil,2018,131.7,70983.92,4226,75603
Brazil,2019,102.91,73266.15,4835,136873
Brazil,2020,51.95,59521.79,7868,41142
Brazil,2021,168.76,78736.69,5464,75435
Brazil,2022,127.22,55833.42,7664,66472
Brazil,2023,107.18,63418.26,7531,54087
Brazil,2024,198.34,65866.94,6256,46654
Brazil,2025,81.6,71888.1,7595,37968
Brazil,2026,155.56,68826.51,3497,68013
Mexico,2015,160.97,58906.19,4224,98198
Mexico,2016,147.8,60444.65,3292,58832
Mexico,2017,107.98,54168.6,3288,117019
Mexico,2018,172.99,55953.33,3322,21978
Mexico,2019,171.98,66045.47,3656,107534
Mexico,2020,95.19,58460.32,3039,92973
Mexico,2021,62.26,67937.11,4049,38798
Mexico,2022,40.33,62135.3,5198,111620
Mexico,2023,73.98,70802.83,6474,14389
Mexico,2024,132.98,68842.03,6429,43301
Mexico,2025,89.05,56755.56,3436,66444
Mexico,2026,140.08,54580.79,6028,29474
Turkey,2015,80.22,64240.49,4636,61154
Turkey,2016,52.67,47037.43,5872,49745
Turkey,2017,137.43,53510.09,3274,54157
Turkey,2018,98.88,56349.06,6242,31066
Turkey,2019,127.92,55364.52,4734,85736
Turkey,2020,87.79,53589.79,3176,35833
Turkey,2021,68.33,47568.13,4926,28328
Turkey,2022,57.76,48623.05,5812,14077
Turkey,2023,137.83,53782.2,5547,33071
Turkey,2024,99.45,57515.74,4865,91498
Turkey,2025,130.84,54606.23,4974,66055
Turkey,2026,85.35,61919.85,5177,88960
Indonesia,2015,41.61,61154.91,4943,63546
Indonesia,2016,109.82,65223.87,7803,20629
Indonesia,2017,158.42,62724.8,7802,65496
Indonesia,2018,113.04,72902.49,3685,80201
Indonesia,2019,143.21,61822.99,5958,115728
Indonesia,2020,158.94,74569.7,5402,36565
Indonesia,2021,80.21,55572.84,7120,128536
Indonesia,2022,176.81,68064.02,3305,87801
Indonesia,2023,198.1,62775.24,6062,60517
Indonesia,2024,107.18,66162.62,3418,19110
Indonesia,2025,36.19,73201.8,3608,75602
Indonesia,2026,192.12,69531.32,4604,98350
South Africa,2015,51.57,63838.82,5395,59096
South Africa,2016,56.59,54111.38,3728,57321
South Africa,2017,150.23,52014.39,6780,81377
South Africa,2018,107.75,53204.94,5656,30048
South Africa,2019,82.28,49316.92,5322,98716
South Africa,2020,166.64,51259.23,4192,110693
South Africa,2021,81.61,59150.88,3259,54487
South Africa,2022,54.18,67530.65,4669,70784
South Africa,2023,50.97,59982.28,6339,69010
South Africa,2024,136.6,49100.45,4570,82867
South Africa,2025,90.81,67103.37,5194,29880
South Africa,2026,165.75,64099.5,6520,17134
Pakistan,2015,95.13,51231.58,3868,49073
Pakistan,2016,75.43,40820.13,3725,24889
Pakistan,2017,139.01,59237.9,5685,31158
Pakistan,2018,126.08,53156.36,6008,62929
Pakistan,2019,30.47,56470.47,5444,100760
Pakistan,2020,54.08,48481.91,5267,31463
Pakistan,2021,79.47,49316.6,4780,26102
Pakistan,2022,92.04,46882.02,3579,92384
Pakistan,2023,42.45,54010.67,3754,86104
Pakistan,2024,73.58,44259.89,4487,45657
Pakistan,2025,65.37,56092.24,4960,67915
Pakistan,2026,147.61,54472.59,2983,53857
Bangladesh,2015,89.84,51406.28,4895,39310
Bangladesh,2016,90.0,40755.05,2681,40385
Bangladesh,2017,116.29,40120.24,2491,62763
Bangladesh,2018,62.58,44487.85,4147,53802
Bangladesh,2019,118.0,55749.61,4318,32062
Bangladesh,2020,32.82,48066.77,5450,32332
Bangladesh,2021,117.69,39423.77,4076,73966
Bangladesh,2022,41.68,39445.36,3713,25886
Bangladesh,2023,34.19,45980.99,2450,24480
Bangladesh,2024,66.78,45429.9,2752,15517
Bangladesh,2025,43.48,40833.91,2605,65140
Bangladesh,2026,71.13,46113.01,4641,77948
Nigeria,2015,136.94,46758.06,5217,38606
Nigeria,2016,102.86,58821.3,3139,75082
Nigeria,2017,77.19,36734.73,2859,60969
Nigeria,2018,45.82,50652.81,3163,34549
Nigeria,2019,25.3,38526.04,5300,82524
Nigeria,2020,100.55,49219.26,3907,71921
Nigeria,2021,46.76,50993.65,4149,35027
Nigeria,2022,30.16,46518.81,3390,18215
Nigeria,2023,58.85,43146.86,2684,80475
Nigeria,2024,105.44,50056.11,2471,79456
Nigeria,2025,124.04,41670.8,3466,18511
Nigeria,2026,82.81,50954.39,3405,82006
Vietnam,2015,86.01,40072.78,4954,61433
Vietnam,2016,69.36,44689.52,3591,72089
Vietnam,2017,79.72,54527.14,5041,51632
Vietnam,2018,53.23,43386.09,3453,15576
Vietnam,2019,38.91,37884.98,5058,20411
Vietnam,2020,131.3,51193.75,5182,34340
Vietnam,2021,28.94,48436.49,3810,92672
Vietnam,2022,134.85,46263.43,5582,63986
Vietnam,2023,67.87,54451.19,4764,27382
Vietnam,2024,24.86,46435.4,5490,20359
Vietnam,2025,139.0,48962.36,3557,61553
Vietnam,2026,65.38,39043.96,5155,83362
